{"colsample_bytree": 0.8447411578889518, "gamma": 0.6974693032602092, "learning_rate": 0.09764339456056544, "max_depth": 9, "n_estimators": 289, "subsample": 0.6362425738131283}